Hritik;Diploma;98;Haldwani
Shriyanka;B.tch;67;Kiccha
Anjali;B.com;;Chandigarh
Shaifali;B.Tech;75;Delhi
Rahul;Mba;56;Gurgaon
Jatin;Barch;;
Hritik;Diploma;98;Haldwani
Shriyanka;B.tch;67;Kiccha
Anjali;B.com;;Chandigarh
Shaifali;B.Tech;75;Delhi
Rahul;Mba;56;Gurgaon
Jatin;Barch;;
Hritik;Diploma;98;Haldwani
Shriyanka;B.tch;67;Kiccha
Anjali;B.com;;Chandigarh
Shaifali;B.Tech;75;Delhi
Rahul;Mba;56;Gurgaon
Jatin;Barch;;
Hritik;Diploma;98;Haldwani
Shriyanka;B.tch;67;Kiccha
Anjali;B.com;;Chandigarh
Shaifali;B.Tech;75;Delhi
Rahul;Mba;56;Gurgaon
Jatin;Barch;;
Hritik;Diploma;98;Haldwani
Shriyanka;B.tch;67;Kiccha
Anjali;B.com;;Chandigarh
Shaifali;B.Tech;75;Delhi
Rahul;Mba;56;Gurgaon
Jatin;Barch;;
Hritik;Diploma;98;Haldwani
Shriyanka;B.tch;67;Kiccha
Anjali;B.com;;Chandigarh
Shaifali;B.Tech;75;Delhi
Rahul;Mba;56;Gurgaon
Jatin;Barch;;
Hritik;Diploma;98;Haldwani
Shriyanka;B.tch;67;Kiccha
Anjali;B.com;;Chandigarh
Shaifali;B.Tech;75;Delhi
Rahul;Mba;56;Gurgaon
Jatin;Barch;;
Hritik;Diploma;98;Haldwani
Shriyanka;B.tch;67;Kiccha
Anjali;B.com;;Chandigarh
Shaifali;B.Tech;75;Delhi
Rahul;Mba;56;Gurgaon
Jatin;Barch;;
Shaifali;B.Tech;75;Delhi
Rahul;Mba;56;Gurgaon
Jatin;Barch;;
Hritik;Diploma;98;Haldwani
Shriyanka;B.tch;67;Kiccha
Anjali;B.com;;Chandigarh
Shaifali;B.Tech;75;Delhi
Rahul;Mba;56;Gurgaon
Jatin;Barch;;
Hritik;Diploma;98;Haldwani
Shriyanka;B.tch;67;Kiccha
Anjali;B.com;;Chandigarh
Shaifali;B.Tech;75;Delhi
Rahul;Mba;56;Gurgaon
Jatin;Barch;;
Hritik;Diploma;98;Haldwani
Shriyanka;B.tch;67;Kiccha
Anjali;B.com;;Chandigarh
Shaifali;B.Tech;75;Delhi
Rahul;Mba;56;Gurgaon
Jatin;Barch;;
Hritik;Diploma;98;Haldwani
Shriyanka;B.tch;67;Kiccha
Anjali;B.com;;Chandigarh
Shaifali;B.Tech;75;Delhi
Rahul;Mba;56;Gurgaon